<?xml version="1.0" encoding="UTF-8"?>
<GenRun Id="impl_1" LaunchPart="xc7a35tcpg236-1" LaunchTime="1761567205">
  <File Type="ROUTE-PWR" Name="Top_student_power_routed.rpt"/>
  <File Type="PA-TCL" Name="Top_student.tcl"/>
  <File Type="BITSTR-BMM" Name="Top_student_bd.bmm"/>
  <File Type="ROUTE-PWR-SUM" Name="Top_student_power_summary_routed.pb"/>
  <File Type="REPORTS-TCL" Name="Top_student_reports.tcl"/>
  <File Type="OPT-DCP" Name="Top_student_opt.dcp"/>
  <File Type="OPT-DRC" Name="Top_student_drc_opted.rpt"/>
  <File Type="OPT-HWDEF" Name="Top_student.hwdef"/>
  <File Type="PWROPT-DCP" Name="Top_student_pwropt.dcp"/>
  <File Type="PLACE-DCP" Name="Top_student_placed.dcp"/>
  <File Type="PLACE-IO" Name="Top_student_io_placed.rpt"/>
  <File Type="PLACE-UTIL" Name="Top_student_utilization_placed.rpt"/>
  <File Type="PLACE-UTIL-PB" Name="Top_student_utilization_placed.pb"/>
  <File Type="PLACE-CTRL" Name="Top_student_control_sets_placed.rpt"/>
  <File Type="PLACE-PRE-SIMILARITY" Name="Top_student_incremental_reuse_pre_placed.rpt"/>
  <File Type="BG-BGN" Name="Top_student.bgn"/>
  <File Type="POSTPLACE-PWROPT-DCP" Name="Top_student_postplace_pwropt.dcp"/>
  <File Type="BG-BIN" Name="Top_student.bin"/>
  <File Type="PHYSOPT-DCP" Name="Top_student_physopt.dcp"/>
  <File Type="BITSTR-MSK" Name="Top_student.msk"/>
  <File Type="ROUTE-ERROR-DCP" Name="Top_student_routed_error.dcp"/>
  <File Type="ROUTE-DCP" Name="Top_student_routed.dcp"/>
  <File Type="ROUTE-BLACKBOX-DCP" Name="Top_student_routed_bb.dcp"/>
  <File Type="ROUTE-DRC" Name="Top_student_drc_routed.rpt"/>
  <File Type="ROUTE-DRC-PB" Name="Top_student_drc_routed.pb"/>
  <File Type="ROUTE-DRC-RPX" Name="Top_student_drc_routed.rpx"/>
  <File Type="BITSTR-LTX" Name="Top_student.ltx"/>
  <File Type="ROUTE-METHODOLOGY-DRC" Name="Top_student_methodology_drc_routed.rpt"/>
  <File Type="BITSTR-MMI" Name="Top_student.mmi"/>
  <File Type="ROUTE-METHODOLOGY-DRC-RPX" Name="Top_student_methodology_drc_routed.rpx"/>
  <File Type="ROUTE-METHODOLOGY-DRC-PB" Name="Top_student_methodology_drc_routed.pb"/>
  <File Type="BITSTR-SYSDEF" Name="Top_student.sysdef"/>
  <File Type="ROUTE-PWR-RPX" Name="Top_student_power_routed.rpx"/>
  <File Type="ROUTE-STATUS" Name="Top_student_route_status.rpt"/>
  <File Type="ROUTE-STATUS-PB" Name="Top_student_route_status.pb"/>
  <File Type="ROUTE-TIMINGSUMMARY" Name="Top_student_timing_summary_routed.rpt"/>
  <File Type="ROUTE-TIMING-PB" Name="Top_student_timing_summary_routed.pb"/>
  <File Type="ROUTE-TIMING-RPX" Name="Top_student_timing_summary_routed.rpx"/>
  <File Type="ROUTE-CLK" Name="Top_student_clock_utilization_routed.rpt"/>
  <File Type="ROUTE-BUS-SKEW" Name="Top_student_bus_skew_routed.rpt"/>
  <File Type="ROUTE-BUS-SKEW-PB" Name="Top_student_bus_skew_routed.pb"/>
  <File Type="ROUTE-BUS-SKEW-RPX" Name="Top_student_bus_skew_routed.rpx"/>
  <File Type="POSTROUTE-PHYSOPT-DCP" Name="Top_student_postroute_physopt.dcp"/>
  <File Type="POSTROUTE-PHYSOPT-BLACKBOX-DCP" Name="Top_student_postroute_physopt_bb.dcp"/>
  <File Type="BG-BIT" Name="Top_student.bit"/>
  <File Type="BITSTR-RBT" Name="Top_student.rbt"/>
  <File Type="BITSTR-NKY" Name="Top_student.nky"/>
  <File Type="BG-DRC" Name="Top_student.drc"/>
  <File Type="RDI-RDI" Name="Top_student.vdi"/>
  <File Type="WBT-USG" Name="usage_statistics_webtalk.html"/>
  <FileSet Name="sources" Type="DesignSrcs" RelSrcDir="$PSRCDIR/sources_1">
    <Filter Type="Srcs"/>
    <File Path="$PSRCDIR/sources_1/imports/Integration/space_invader_draft.srcs/sources_1/new/Oled_Display.v">
      <FileInfo>
        <Attr Name="ImportPath" Val="D:/Y2S1/EE2026/Lab_and_Project_Materials/Project/Verilog/Y2S1/EE2026/Lab_and_Project_Materials/Project/Integration/space_invader_draft.srcs/sources_1/new/Oled_Display.v"/>
        <Attr Name="ImportTime" Val="1760693624"/>
        <Attr Name="UsedIn" Val="synthesis"/>
        <Attr Name="UsedIn" Val="implementation"/>
        <Attr Name="UsedIn" Val="simulation"/>
      </FileInfo>
    </File>
    <File Path="$PSRCDIR/sources_1/new/Start.v">
      <FileInfo>
        <Attr Name="ImportPath" Val="D:/Y2S1/EE2026/Lab_and_Project_Materials/Project/Verilog/Y2S1/EE2026/Lab_and_Project_Materials/Project/project_1/project_1.srcs/sources_1/new/Start.v"/>
        <Attr Name="ImportTime" Val="1760618360"/>
        <Attr Name="UsedIn" Val="synthesis"/>
        <Attr Name="UsedIn" Val="implementation"/>
        <Attr Name="UsedIn" Val="simulation"/>
      </FileInfo>
    </File>
    <File Path="$PSRCDIR/sources_1/new/bullet_CD_display.v">
      <FileInfo>
        <Attr Name="ImportPath" Val="$PPRDIR/../../../../project_1.srcs/sources_1/new/bullet_CD_display.v"/>
        <Attr Name="ImportTime" Val="1761567188"/>
        <Attr Name="UsedIn" Val="synthesis"/>
        <Attr Name="UsedIn" Val="implementation"/>
        <Attr Name="UsedIn" Val="simulation"/>
      </FileInfo>
    </File>
    <File Path="$PSRCDIR/sources_1/new/bullet_module.v">
      <FileInfo>
        <Attr Name="ImportPath" Val="D:/Y2S1/EE2026/Lab_and_Project_Materials/Project/Verilog/Integration1.xpr/Integration1.xpr/project_1/project_1.srcs/sources_1/new/bullet_module.v"/>
        <Attr Name="ImportTime" Val="1760776162"/>
        <Attr Name="UsedIn" Val="synthesis"/>
        <Attr Name="UsedIn" Val="implementation"/>
        <Attr Name="UsedIn" Val="simulation"/>
      </FileInfo>
    </File>
    <File Path="$PSRCDIR/sources_1/new/clk_625m.v">
      <FileInfo>
        <Attr Name="ImportPath" Val="D:/Y2S1/EE2026/Lab_and_Project_Materials/Project/Verilog/Y2S1/EE2026/Lab_and_Project_Materials/Project/project_1/project_1.srcs/sources_1/new/clk_625m.v"/>
        <Attr Name="ImportTime" Val="1760596895"/>
        <Attr Name="UsedIn" Val="synthesis"/>
        <Attr Name="UsedIn" Val="implementation"/>
        <Attr Name="UsedIn" Val="simulation"/>
      </FileInfo>
    </File>
    <File Path="$PSRCDIR/sources_1/new/difficulty_choose.v">
      <FileInfo>
        <Attr Name="ImportPath" Val="D:/Y2S1/EE2026/Lab_and_Project_Materials/Project/Verilog/Integration1.xpr/Integration1.xpr/project_1/project_1.srcs/sources_1/new/difficulty_choose.v"/>
        <Attr Name="ImportTime" Val="1761020615"/>
        <Attr Name="UsedIn" Val="synthesis"/>
        <Attr Name="UsedIn" Val="implementation"/>
        <Attr Name="UsedIn" Val="simulation"/>
      </FileInfo>
    </File>
    <File Path="$PSRCDIR/sources_1/imports/Integration/FDPvivado1.srcs/FDPvivado1.srcs/sources_1/new/enemy_master.v">
      <FileInfo>
        <Attr Name="ImportPath" Val="D:/Y2S1/EE2026/Lab_and_Project_Materials/Project/Verilog/Y2S1/EE2026/Lab_and_Project_Materials/Project/Integration/FDPvivado1.srcs/FDPvivado1.srcs/sources_1/new/enemy_master.v"/>
        <Attr Name="ImportTime" Val="1760713482"/>
        <Attr Name="UsedIn" Val="synthesis"/>
        <Attr Name="UsedIn" Val="implementation"/>
        <Attr Name="UsedIn" Val="simulation"/>
      </FileInfo>
    </File>
    <File Path="$PSRCDIR/sources_1/imports/Integration/FDPvivado1.srcs/FDPvivado1.srcs/sources_1/new/enemy_move.v">
      <FileInfo>
        <Attr Name="ImportPath" Val="D:/Y2S1/EE2026/Lab_and_Project_Materials/Project/Verilog/Y2S1/EE2026/Lab_and_Project_Materials/Project/Integration/FDPvivado1.srcs/FDPvivado1.srcs/sources_1/new/enemy_move.v"/>
        <Attr Name="ImportTime" Val="1760607512"/>
        <Attr Name="UsedIn" Val="synthesis"/>
        <Attr Name="UsedIn" Val="implementation"/>
        <Attr Name="UsedIn" Val="simulation"/>
      </FileInfo>
    </File>
    <File Path="$PSRCDIR/sources_1/new/enemy_package.v">
      <FileInfo>
        <Attr Name="ImportPath" Val="D:/Y2S1/EE2026/Lab_and_Project_Materials/Project/Verilog/Y2S1/EE2026/Lab_and_Project_Materials/Project/project_1/project_1.srcs/sources_1/new/enemy_package.v"/>
        <Attr Name="ImportTime" Val="1760691197"/>
        <Attr Name="UsedIn" Val="synthesis"/>
        <Attr Name="UsedIn" Val="implementation"/>
        <Attr Name="UsedIn" Val="simulation"/>
      </FileInfo>
    </File>
    <File Path="$PSRCDIR/sources_1/imports/Integration/FDPvivado1.srcs/FDPvivado1.srcs/sources_1/new/enemy_unit.v">
      <FileInfo>
        <Attr Name="ImportPath" Val="D:/Y2S1/EE2026/Lab_and_Project_Materials/Project/Verilog/Y2S1/EE2026/Lab_and_Project_Materials/Project/Integration/FDPvivado1.srcs/FDPvivado1.srcs/sources_1/new/enemy_unit.v"/>
        <Attr Name="ImportTime" Val="1760608016"/>
        <Attr Name="UsedIn" Val="synthesis"/>
        <Attr Name="UsedIn" Val="implementation"/>
        <Attr Name="UsedIn" Val="simulation"/>
      </FileInfo>
    </File>
    <File Path="$PSRCDIR/sources_1/new/hp_bar.v">
      <FileInfo>
        <Attr Name="ImportPath" Val="D:/../../../../../../../../../Vivado Projects/project_1.xpr/project_1/project_1.srcs/sources_1/new/hp_bar.v"/>
        <Attr Name="ImportTime" Val="1761053759"/>
        <Attr Name="UsedIn" Val="synthesis"/>
        <Attr Name="UsedIn" Val="implementation"/>
        <Attr Name="UsedIn" Val="simulation"/>
      </FileInfo>
    </File>
    <File Path="$PSRCDIR/sources_1/new/move_pulse.v">
      <FileInfo>
        <Attr Name="ImportPath" Val="D:/github/EE2026-Star-War/project_1/project_1.srcs/sources_1/new/move_pulse.v"/>
        <Attr Name="ImportTime" Val="1761534229"/>
        <Attr Name="UsedIn" Val="synthesis"/>
        <Attr Name="UsedIn" Val="implementation"/>
        <Attr Name="UsedIn" Val="simulation"/>
      </FileInfo>
    </File>
    <File Path="$PSRCDIR/sources_1/new/on_press.v">
      <FileInfo>
        <Attr Name="ImportPath" Val="D:/Y2S1/EE2026/Lab_and_Project_Materials/Project/Verilog/Y2S1/EE2026/Lab_and_Project_Materials/Project/project_1/project_1.srcs/sources_1/new/on_press.v"/>
        <Attr Name="ImportTime" Val="1760712985"/>
        <Attr Name="UsedIn" Val="synthesis"/>
        <Attr Name="UsedIn" Val="implementation"/>
        <Attr Name="UsedIn" Val="simulation"/>
      </FileInfo>
    </File>
    <File Path="$PSRCDIR/sources_1/new/over.v">
      <FileInfo>
        <Attr Name="ImportPath" Val="D:/Y2S1/EE2026/Lab_and_Project_Materials/Project/Verilog/Y2S1/EE2026/Lab_and_Project_Materials/Project/project_1/project_1.srcs/sources_1/new/over.v"/>
        <Attr Name="ImportTime" Val="1760614677"/>
        <Attr Name="UsedIn" Val="synthesis"/>
        <Attr Name="UsedIn" Val="implementation"/>
        <Attr Name="UsedIn" Val="simulation"/>
      </FileInfo>
    </File>
    <File Path="$PSRCDIR/sources_1/new/play.v">
      <FileInfo>
        <Attr Name="ImportPath" Val="D:/Y2S1/EE2026/Lab_and_Project_Materials/Project/Verilog/Y2S1/EE2026/Lab_and_Project_Materials/Project/project_1/project_1.srcs/sources_1/new/play.v"/>
        <Attr Name="ImportTime" Val="1760713554"/>
        <Attr Name="UsedIn" Val="synthesis"/>
        <Attr Name="UsedIn" Val="implementation"/>
        <Attr Name="UsedIn" Val="simulation"/>
      </FileInfo>
    </File>
    <File Path="$PSRCDIR/sources_1/imports/Integration/FDPvivado1.srcs/FDPvivado1.srcs/sources_1/new/position_check.v">
      <FileInfo>
        <Attr Name="ImportPath" Val="D:/Y2S1/EE2026/Lab_and_Project_Materials/Project/Verilog/Y2S1/EE2026/Lab_and_Project_Materials/Project/Integration/FDPvivado1.srcs/FDPvivado1.srcs/sources_1/new/position_check.v"/>
        <Attr Name="ImportTime" Val="1760713487"/>
        <Attr Name="UsedIn" Val="synthesis"/>
        <Attr Name="UsedIn" Val="implementation"/>
        <Attr Name="UsedIn" Val="simulation"/>
      </FileInfo>
    </File>
    <File Path="$PSRCDIR/sources_1/new/priority_module.v">
      <FileInfo>
        <Attr Name="ImportPath" Val="D:/Y2S1/EE2026/Lab_and_Project_Materials/Project/Verilog/Y2S1/EE2026/Lab_and_Project_Materials/Project/project_1/project_1.srcs/sources_1/new/priority_module.v"/>
        <Attr Name="ImportTime" Val="1760668446"/>
        <Attr Name="UsedIn" Val="synthesis"/>
        <Attr Name="UsedIn" Val="implementation"/>
        <Attr Name="UsedIn" Val="simulation"/>
      </FileInfo>
    </File>
    <File Path="$PSRCDIR/sources_1/new/pulse.v">
      <FileInfo>
        <Attr Name="ImportPath" Val="D:/Y2S1/EE2026/Lab_and_Project_Materials/Project/Verilog/Y2S1/EE2026/Lab_and_Project_Materials/Project/project_1/project_1.srcs/sources_1/new/pulse.v"/>
        <Attr Name="ImportTime" Val="1760614637"/>
        <Attr Name="UsedIn" Val="synthesis"/>
        <Attr Name="UsedIn" Val="implementation"/>
        <Attr Name="UsedIn" Val="simulation"/>
      </FileInfo>
    </File>
    <File Path="$PSRCDIR/sources_1/new/reset_enemy_new.v">
      <FileInfo>
        <Attr Name="ImportPath" Val="D:/github/EE2026-Star-War/project_1/project_1.srcs/sources_1/new/reset_enemy_new.v"/>
        <Attr Name="ImportTime" Val="1761534373"/>
        <Attr Name="UsedIn" Val="synthesis"/>
        <Attr Name="UsedIn" Val="implementation"/>
        <Attr Name="UsedIn" Val="simulation"/>
      </FileInfo>
    </File>
    <File Path="$PSRCDIR/sources_1/new/score_display.v">
      <FileInfo>
        <Attr Name="ImportPath" Val="D:/Y2S1/EE2026/Lab_and_Project_Materials/Project/Verilog/Integration1.xpr/Integration1.xpr/project_1/project_1.srcs/sources_1/new/score_display.v"/>
        <Attr Name="ImportTime" Val="1761039342"/>
        <Attr Name="UsedIn" Val="synthesis"/>
        <Attr Name="UsedIn" Val="implementation"/>
        <Attr Name="UsedIn" Val="simulation"/>
      </FileInfo>
    </File>
    <File Path="$PSRCDIR/sources_1/imports/Integration/space_invader_draft.srcs/sources_1/new/starship.v">
      <FileInfo>
        <Attr Name="ImportPath" Val="D:/Y2S1/EE2026/Lab_and_Project_Materials/Project/Verilog/Y2S1/EE2026/Lab_and_Project_Materials/Project/Integration/space_invader_draft.srcs/sources_1/new/starship.v"/>
        <Attr Name="ImportTime" Val="1760693624"/>
        <Attr Name="UsedIn" Val="synthesis"/>
        <Attr Name="UsedIn" Val="implementation"/>
        <Attr Name="UsedIn" Val="simulation"/>
      </FileInfo>
    </File>
    <File Path="$PSRCDIR/sources_1/imports/Integration/space_invader_draft.srcs/sources_1/new/starship_design.v">
      <FileInfo>
        <Attr Name="ImportPath" Val="D:/Y2S1/EE2026/Lab_and_Project_Materials/Project/Verilog/Y2S1/EE2026/Lab_and_Project_Materials/Project/Integration/space_invader_draft.srcs/sources_1/new/starship_design.v"/>
        <Attr Name="ImportTime" Val="1760693624"/>
        <Attr Name="UsedIn" Val="synthesis"/>
        <Attr Name="UsedIn" Val="implementation"/>
        <Attr Name="UsedIn" Val="simulation"/>
      </FileInfo>
    </File>
    <File Path="$PSRCDIR/sources_1/new/state_crl.v">
      <FileInfo>
        <Attr Name="ImportPath" Val="D:/Y2S1/EE2026/Lab_and_Project_Materials/Project/Verilog/Y2S1/EE2026/Lab_and_Project_Materials/Project/project_1/project_1.srcs/sources_1/new/state_crl.v"/>
        <Attr Name="ImportTime" Val="1760713855"/>
        <Attr Name="UsedIn" Val="synthesis"/>
        <Attr Name="UsedIn" Val="implementation"/>
        <Attr Name="UsedIn" Val="simulation"/>
      </FileInfo>
    </File>
    <File Path="$PSRCDIR/sources_1/imports/Integration/space_invader_draft.srcs/sources_1/new/xy_coordinate.v">
      <FileInfo>
        <Attr Name="ImportPath" Val="D:/Y2S1/EE2026/Lab_and_Project_Materials/Project/Verilog/Y2S1/EE2026/Lab_and_Project_Materials/Project/Integration/space_invader_draft.srcs/sources_1/new/xy_coordinate.v"/>
        <Attr Name="ImportTime" Val="1760693624"/>
        <Attr Name="UsedIn" Val="synthesis"/>
        <Attr Name="UsedIn" Val="implementation"/>
        <Attr Name="UsedIn" Val="simulation"/>
      </FileInfo>
    </File>
    <File Path="$PSRCDIR/sources_1/new/Top_student.v">
      <FileInfo>
        <Attr Name="ImportPath" Val="D:/Y2S1/EE2026/Lab_and_Project_Materials/Project/Verilog/Y2S1/EE2026/Lab_and_Project_Materials/Project/project_1/project_1.srcs/sources_1/new/Top_student.v"/>
        <Attr Name="ImportTime" Val="1760694303"/>
        <Attr Name="UsedIn" Val="synthesis"/>
        <Attr Name="UsedIn" Val="implementation"/>
        <Attr Name="UsedIn" Val="simulation"/>
      </FileInfo>
    </File>
    <File Path="D:/github/EE2026-Star-War/project_1/project_1.srcs/sources_1/imports/Integration/FDPvivado1.srcs/FDPvivado1.srcs/sources_1/new/clk_move.v">
      <FileInfo>
        <Attr Name="AutoDisabled" Val="1"/>
        <Attr Name="ImportPath" Val="D:/Y2S1/EE2026/Lab_and_Project_Materials/Project/Verilog/Y2S1/EE2026/Lab_and_Project_Materials/Project/Integration/FDPvivado1.srcs/FDPvivado1.srcs/sources_1/new/clk_move.v"/>
        <Attr Name="ImportTime" Val="1760605396"/>
        <Attr Name="UsedIn" Val="synthesis"/>
        <Attr Name="UsedIn" Val="implementation"/>
        <Attr Name="UsedIn" Val="simulation"/>
      </FileInfo>
    </File>
    <File Path="D:/github/EE2026-Star-War/project_1/project_1.srcs/sources_1/imports/Integration/FDPvivado1.srcs/FDPvivado1.srcs/sources_1/new/reset_enemy_module.v">
      <FileInfo>
        <Attr Name="AutoDisabled" Val="1"/>
        <Attr Name="ImportPath" Val="D:/Y2S1/EE2026/Lab_and_Project_Materials/Project/Verilog/Y2S1/EE2026/Lab_and_Project_Materials/Project/Integration/FDPvivado1.srcs/FDPvivado1.srcs/sources_1/new/reset_enemy_module.v"/>
        <Attr Name="ImportTime" Val="1760590860"/>
        <Attr Name="UsedIn" Val="synthesis"/>
        <Attr Name="UsedIn" Val="implementation"/>
        <Attr Name="UsedIn" Val="simulation"/>
      </FileInfo>
    </File>
    <File Path="$PSRCDIR/sources_1/new/skills.v">
      <FileInfo>
        <Attr Name="AutoDisabled" Val="1"/>
        <Attr Name="ImportPath" Val="D:/Y2S1/EE2026/Lab_and_Project_Materials/Project/Verilog/Integration1.xpr/Integration1.xpr/project_1/project_1.srcs/sources_1/new/skills.v"/>
        <Attr Name="ImportTime" Val="1761019437"/>
        <Attr Name="UsedIn" Val="synthesis"/>
        <Attr Name="UsedIn" Val="implementation"/>
        <Attr Name="UsedIn" Val="simulation"/>
      </FileInfo>
    </File>
    <File Path="$PSRCDIR/sources_1/imports/project_1/archive_project_summary.txt">
      <FileInfo>
        <Attr Name="ImportPath" Val="$PPRDIR/../../../../archive_project_summary.txt"/>
        <Attr Name="ImportTime" Val="1761562968"/>
      </FileInfo>
    </File>
    <Config>
      <Option Name="DesignMode" Val="RTL"/>
      <Option Name="TopModule" Val="Top_student"/>
      <Option Name="TopAutoSet" Val="TRUE"/>
    </Config>
  </FileSet>
  <FileSet Name="constrs_in" Type="Constrs" RelSrcDir="$PSRCDIR/constrs_1">
    <Filter Type="Constrs"/>
    <File Path="$PSRCDIR/constrs_1/new/my_constriant.xdc">
      <FileInfo>
        <Attr Name="ImportPath" Val="D:/Y2S1/EE2026/Lab_and_Project_Materials/Project/Verilog/Y2S1/EE2026/Lab_and_Project_Materials/Project/project_1/project_1.srcs/constrs_1/new/my_constriant.xdc"/>
        <Attr Name="ImportTime" Val="1760694332"/>
        <Attr Name="UsedIn" Val="synthesis"/>
        <Attr Name="UsedIn" Val="implementation"/>
      </FileInfo>
    </File>
    <Config>
      <Option Name="ConstrsType" Val="XDC"/>
    </Config>
  </FileSet>
  <Strategy Version="1" Minor="2">
    <StratHandle Name="Vivado Implementation Defaults" Flow="Vivado Implementation 2018"/>
    <Step Id="init_design"/>
    <Step Id="opt_design"/>
    <Step Id="power_opt_design"/>
    <Step Id="place_design"/>
    <Step Id="post_place_power_opt_design"/>
    <Step Id="phys_opt_design"/>
    <Step Id="route_design"/>
    <Step Id="post_route_phys_opt_design"/>
    <Step Id="write_bitstream"/>
  </Strategy>
</GenRun>
